<?xml version="1.0" encoding="utf-8"?>
<databaseChangeLog
    xmlns="http://www.liquibase.org/xml/ns/dbchangelog"
    xmlns:ext="http://www.liquibase.org/xml/ns/dbchangelog-ext"
    xmlns:xsi="http://www.w3.org/2001/XMLSchema-instance"
    xsi:schemaLocation="http://www.liquibase.org/xml/ns/dbchangelog http://www.liquibase.org/xml/ns/dbchangelog/dbchangelog-latest.xsd
                        http://www.liquibase.org/xml/ns/dbchangelog-ext http://www.liquibase.org/xml/ns/dbchangelog/dbchangelog-ext.xsd">

    <!--
        Added the entity WireTransaction.
    -->
    <changeSet id="20240304050428-1" author="jhipster">
        <createTable tableName="wire_transaction">
            <column name="id" type="bigint">
                <constraints primaryKey="true" nullable="false"/>
            </column>
            <column name="wire_tran_id" type="bigint">
                <constraints nullable="false" unique="true" uniqueConstraintName="ux_wire_transaction__wire_tran_id" />
            </column>
            <column name="transaction_mapping_id" type="bigint">
                <constraints nullable="true" unique="true" uniqueConstraintName="ux_wire_transaction__transaction_mapping_id" />
            </column>
            <column name="wire_recipient_id" type="bigint">
                <constraints nullable="true" unique="true" uniqueConstraintName="ux_wire_transaction__wire_recipient_id" />
            </column>
            <!-- jhipster-needle-liquibase-add-column - JHipster will add columns here -->
        </createTable>
    </changeSet>

    <!-- jhipster-needle-liquibase-add-changeset - JHipster will add changesets here -->

    <!--
        Load sample data generated with Faker.js
        - This data can be easily edited using a CSV editor (or even MS Excel) and
          is located in the 'src/main/resources/config/liquibase/fake-data' directory
        - By default this data is applied when running with the JHipster 'dev' profile.
          This can be customized by adding or removing 'faker' in the 'spring.liquibase.contexts'
          Spring Boot configuration key.
    -->
    <changeSet id="20240304050428-1-data" author="jhipster" context="faker">
        <loadData
                  file="config/liquibase/fake-data/wire_transaction.csv"
                  separator=";"
                  tableName="wire_transaction"
                  usePreparedStatements="true">
            <column name="id" type="numeric"/>
            <column name="wire_tran_id" type="numeric"/>
            <!-- jhipster-needle-liquibase-add-loadcolumn - JHipster (and/or extensions) can add load columns here -->
        </loadData>
    </changeSet>
</databaseChangeLog>
