{
    "components": {
        "schemas": {
            "Person": {
                "type": "object",
                "properties": {
                    "personId": {
                        "type": "integer",
                        "format": "int32"
                    },
                    "firstName": {
                        "type": "string"
                    },
                    "lastName": {
                        "type": "string"
                    },
                    "age": {
                        "type": "integer",
                        "format": "int32"
                    }
                }
            },
            "Employee": {
                "type": "object",
                "properties": {
                    "employeeId": {
                        "type": "integer",
                        "format": "int32"
                    },
                    "employeeName": {
                        "type": "string"
                    },
                    "employeeSurname": {
                        "type": "string"
                    },
                    "employeeEmail": {
                        "type": "string"
                    }
                }
            }
        }
    },
    "servers": [
        {
            "url": "http://localhost:9000",
            "description": "Generated server url"
        }
    ],
    "openapi": "3.1.0",
    "paths": {
        "/v1/web/persons": {
            "get": {
                "tags": [
                    "person-rsc"
                ],
                "operationId": "getPersons_1",
                "responses": {
                    "200": {
                        "description": "OK",
                        "content": {
                            "*/*": {
                                "schema": {
                                    "type": "array",
                                    "items": {
                                        "$ref": "#/components/schemas/Person"
                                    }
                                }
                            }
                        }
                    }
                }
            },
            "post": {
                "tags": [
                    "person-rsc"
                ],
                "operationId": "addPerson_1",
                "requestBody": {
                    "content": {
                        "application/json": {
                            "schema": {
                                "$ref": "#/components/schemas/Person"
                            }
                        }
                    },
                    "required": true
                },
                "responses": {
                    "200": {
                        "description": "OK",
                        "content": {
                            "application/json": {
                                "schema": {
                                    "$ref": "#/components/schemas/Person"
                                }
                            }
                        }
                    }
                }
            }
        },
        "/v1/api/persons": {
            "get": {
                "tags": [
                    "person-rsc"
                ],
                "operationId": "getPersons",
                "responses": {
                    "200": {
                        "description": "OK",
                        "content": {
                            "*/*": {
                                "schema": {
                                    "type": "array",
                                    "items": {
                                        "$ref": "#/components/schemas/Person"
                                    }
                                }
                            }
                        }
                    }
                }
            },
            "post": {
                "tags": [
                    "person-rsc"
                ],
                "operationId": "addPerson",
                "requestBody": {
                    "content": {
                        "application/json": {
                            "schema": {
                                "$ref": "#/components/schemas/Person"
                            }
                        }
                    },
                    "required": true
                },
                "responses": {
                    "200": {
                        "description": "OK",
                        "content": {
                            "application/json": {
                                "schema": {
                                    "$ref": "#/components/schemas/Person"
                                }
                            }
                        }
                    }
                }
            }
        },
        "/v1/web/persons/{id}": {
            "get": {
                "tags": [
                    "person-rsc"
                ],
                "operationId": "getPersonById_1",
                "parameters": [
                    {
                        "name": "id",
                        "in": "path",
                        "required": true,
                        "schema": {
                            "type": "integer",
                            "format": "int32"
                        }
                    }
                ],
                "responses": {
                    "200": {
                        "description": "OK",
                        "content": {
                            "*/*": {
                                "schema": {
                                    "$ref": "#/components/schemas/Person"
                                }
                            }
                        }
                    }
                }
            }
        },
        "/v1/api/persons/{id}": {
            "get": {
                "tags": [
                    "person-rsc"
                ],
                "operationId": "getPersonById",
                "parameters": [
                    {
                        "name": "id",
                        "in": "path",
                        "required": true,
                        "schema": {
                            "type": "integer",
                            "format": "int32"
                        }
                    }
                ],
                "responses": {
                    "200": {
                        "description": "OK",
                        "content": {
                            "*/*": {
                                "schema": {
                                    "$ref": "#/components/schemas/Person"
                                }
                            }
                        }
                    }
                }
            }
        },
        "/v1/web/employees": {
            "get": {
                "tags": [
                    "employee-rsc"
                ],
                "operationId": "getEmployee",
                "responses": {
                    "200": {
                        "description": "OK",
                        "content": {
                            "*/*": {
                                "schema": {
                                    "type": "array",
                                    "items": {
                                        "$ref": "#/components/schemas/Employee"
                                    }
                                }
                            }
                        }
                    }
                }
            }
        },
        "/v1/api/employees": {
            "get": {
                "tags": [
                    "employee-rsc"
                ],
                "operationId": "getEmployee_1",
                "responses": {
                    "200": {
                        "description": "OK",
                        "content": {
                            "*/*": {
                                "schema": {
                                    "type": "array",
                                    "items": {
                                        "$ref": "#/components/schemas/Employee"
                                    }
                                }
                            }
                        }
                    }
                }
            }
        }
    },
    "info": {
        "title": "OpenAPI definition",
        "version": "v0"
    }
}