<?xml version="1.0" encoding="utf-8"?>
<databaseChangeLog
    xmlns="http://www.liquibase.org/xml/ns/dbchangelog"
    xmlns:xsi="http://www.w3.org/2001/XMLSchema-instance"
    xsi:schemaLocation="http://www.liquibase.org/xml/ns/dbchangelog http://www.liquibase.org/xml/ns/dbchangelog/dbchangelog-latest.xsd">
    <property name="now" value="now()" dbms="h2"/>
    <property name="floatType" value="float4" dbms="h2"/>
    <property name="uuidType" value="uuid" dbms="h2"/>
    <property name="datetimeType" value="datetime(6)" dbms="h2"/>
    <property name="clobType" value="clob" dbms="h2"/>
    <property name="blobType" value="blob" dbms="h2"/>
    <property name="now" value="sysdate" dbms="oracle"/>
    <property name="floatType" value="float" dbms="oracle"/>
    <property name="clobType" value="clob" dbms="oracle"/>
    <property name="blobType" value="blob" dbms="oracle"/>
    <property name="uuidType" value="uuid" dbms="oracle"/>
    <property name="datetimeType" value="datetime" dbms="oracle"/>

    <include file="config/liquibase/changelog/00000000000000_initial_schema.xml" relativeToChangelogFile="false"/>
    <include file="config/liquibase/changelog/20240304045728_added_entity_Transaction.xml" relativeToChangelogFile="false"/>
    <include file="config/liquibase/changelog/20240304045828_added_entity_TransactionApproval.xml" relativeToChangelogFile="false"/>
    <include file="config/liquibase/changelog/20240304045928_added_entity_TransactionReview.xml" relativeToChangelogFile="false"/>
    <include file="config/liquibase/changelog/20240304050028_added_entity_TransactionMapping.xml" relativeToChangelogFile="false"/>
    <include file="config/liquibase/changelog/20240304050128_added_entity_AchTransaction.xml" relativeToChangelogFile="false"/>
    <include file="config/liquibase/changelog/20240304050228_added_entity_AchFromAccnt.xml" relativeToChangelogFile="false"/>
    <include file="config/liquibase/changelog/20240304050328_added_entity_AchRecipient.xml" relativeToChangelogFile="false"/>
    <include file="config/liquibase/changelog/20240304050428_added_entity_WireTransaction.xml" relativeToChangelogFile="false"/>
    <include file="config/liquibase/changelog/20240304050528_added_entity_WireFromAccnt.xml" relativeToChangelogFile="false"/>
    <include file="config/liquibase/changelog/20240304050628_added_entity_WireRecipient.xml" relativeToChangelogFile="false"/>
    <include file="config/liquibase/changelog/20240304050728_added_entity_WireBeneficiary.xml" relativeToChangelogFile="false"/>
    <include file="config/liquibase/changelog/20240304050828_added_entity_TransferTransaction.xml" relativeToChangelogFile="false"/>
    <include file="config/liquibase/changelog/20240304050928_added_entity_TransferFromAccnt.xml" relativeToChangelogFile="false"/>
    <include file="config/liquibase/changelog/20240304051028_added_entity_TransferToAccnt.xml" relativeToChangelogFile="false"/>
    <!-- jhipster-needle-liquibase-add-changelog - JHipster will add liquibase changelogs here -->
    <include file="config/liquibase/changelog/20240304045728_added_entity_constraints_Transaction.xml" relativeToChangelogFile="false"/>
    <include file="config/liquibase/changelog/20240304050128_added_entity_constraints_AchTransaction.xml" relativeToChangelogFile="false"/>
    <include file="config/liquibase/changelog/20240304050228_added_entity_constraints_AchFromAccnt.xml" relativeToChangelogFile="false"/>
    <include file="config/liquibase/changelog/20240304050428_added_entity_constraints_WireTransaction.xml" relativeToChangelogFile="false"/>
    <include file="config/liquibase/changelog/20240304050528_added_entity_constraints_WireFromAccnt.xml" relativeToChangelogFile="false"/>
    <include file="config/liquibase/changelog/20240304050728_added_entity_constraints_WireBeneficiary.xml" relativeToChangelogFile="false"/>
    <include file="config/liquibase/changelog/20240304050828_added_entity_constraints_TransferTransaction.xml" relativeToChangelogFile="false"/>
    <include file="config/liquibase/changelog/20240304050928_added_entity_constraints_TransferFromAccnt.xml" relativeToChangelogFile="false"/>
    <include file="config/liquibase/changelog/20240304051028_added_entity_constraints_TransferToAccnt.xml" relativeToChangelogFile="false"/>
    <!-- jhipster-needle-liquibase-add-constraints-changelog - JHipster will add liquibase constraints changelogs here -->
    <!-- jhipster-needle-liquibase-add-incremental-changelog - JHipster will add incremental liquibase changelogs here -->
</databaseChangeLog>
