id;recipient_id;recipeint_name;recipient_address;recipient_country;recipient_state;recipient_city
1;24476;aside;along whether;victorious;except credential;ouch
2;3028;supernatural greatly;furiously front sample;rough;briefly brr failing;when abandoned italicize
3;9306;although brr;supplant reproachfully upward;wild glittering;scented eek since;hence gap average
4;7271;supposing dreamily wherever;fully keen;nuzzle divulge circa;on;vocalize familiar
5;22841;arrest amid onto;phooey;now;record;oh
6;28575;sterilize;with;gadzooks into;acidly pfft finally;heavily ick
7;4282;valiantly onto brr;hmph worth;unbearably;cajole;yearly minion
8;9642;spokeswoman;until mattress provided;gosh;greedily overjoyed how;whopping psst
9;22800;pricey deduce hackwork;roasted a;known actual gleeful;hop inasmuch fake;hm above
10;23632;radiosonde faithfully;revitalise frost;lest pork hark;wordy likewise;unless quickly glorious
