id;tran_id;tran_name;frm_cnt;to_cnt;total_amount;created_date;updated_date;created_by;updated_by;settlement_date;frequency_type;tran_type;profile_id;profile_name;narrative;preceding_narrative;custom_narrative;system_generated_narrative
1;21912;sealift;11143;23325;22780.91;2024-03-03T18:25:33;2024-03-03T21:09:50;ick jaw;meh oof cute;2024-03-03T13:41:04;appellation among;brilliant brr amid;22487;interval;but;likewise obviate pace;clearly well-informed beset;apropos barring
2;6048;even primary attendant;23253;21649;15209.01;2024-03-03T17:36:37;2024-03-03T15:30:31;curly greedy;scented;2024-03-03T17:08:17;tremendously;lute;23593;upon anenst;meanwhile meanwhile now;uh-huh;jovially stash;oversight yowza yippee
3;2021;vice successfully;24043;3127;1308.08;2024-03-03T21:51:18;2024-03-03T10:30:00;unlike along erupt;cheerful ew;2024-03-03T18:01:17;calmly poker insidious;hose;3522;stiff;foundation;versus whose;of;of
4;4465;mall beside hidden;6017;24621;18323.8;2024-03-03T15:11:45;2024-03-03T05:57:08;phooey when afore;limp single;2024-03-03T12:56:08;revile supposing spelt;beech;12788;regularly;torn;illiterate;resist;glow
5;10402;furthermore reminisce strictly;30724;28519;17784.08;2024-03-03T08:35:47;2024-03-03T10:15:48;enormously;badly jeer until;2024-03-03T18:09:13;ah;spectacles;30767;modulo where edible;but pfft barring;hm occasional especially;zowie;so phooey
6;30044;under regarding astride;10744;14006;11528.11;2024-03-03T07:29:16;2024-03-03T22:15:27;across slurp valiantly;amidst smooch;2024-03-04T03:57:12;supposing;drat coarse striped;23536;furthermore blah;zen outside;household virtual manufacture;footage;except violently
7;1717;pack regarding annual;4146;25264;16863.86;2024-03-03T19:37:44;2024-03-03T19:14:46;monthly viciously lengthen;nor;2024-03-03T06:06:25;afore um;gadzooks with;1439;impressive waterfall;verbally whose brr;slump judgementally;crush finally;leafy throughout
8;13815;energize;28055;5417;11046.23;2024-03-03T07:55:49;2024-03-03T20:44:59;briefly than;measure deliberately;2024-03-03T13:43:44;ouch blah as;elbow bah favorite;9206;midst destabilize round;acknowledgment;yum as;to despite afterwards;readily
9;2305;thousand;21183;30422;29464.47;2024-03-03T22:37:26;2024-03-03T21:02:11;true;proud reprieve;2024-03-04T03:13:22;cornflakes which;intensely;23515;plantation duh;chili;stable why finished;er boohoo the;muss gigantic oh
10;22485;consider;24798;14895;23000.33;2024-03-03T18:34:57;2024-03-03T14:09:04;rewarding;pish;2024-03-03T23:29:22;triumphantly oversell feminize;shield gratify quickly;17539;hence short-term;gah knife-edge;pilot incline toss;plus;lest chairperson amongst
