id;tran_id;first_approver;first_approval_reason;first_approval_date;first_rejector;first_rejector_reason;first_rejected_date;second_approver;second_approval_reason;second_approval_date;second_rejector;second_rejector_reason;second_rejected_date
1;7283;but;disorientate;2024-03-04T02:49:45;unless veer worriedly;accelerant sheepishly zowie;2024-03-03T10:55:14;revolver;likely;2024-03-03T11:45:57;athwart manage;ref;2024-03-03T16:44:07
2;4116;nocturnal;livid unlike;2024-03-03T12:20:25;huge;so though;2024-03-03T18:03:13;faithfully boo;whoever inasmuch;2024-03-04T04:54:48;enter until mellow;mostly even;2024-03-03T10:08:20
3;16122;pfft boulevard;uh-huh dancer google;2024-03-03T21:46:53;urgently reach;where about;2024-03-04T04:33:22;given;astride;2024-03-03T16:57:02;relaxation jovially;anxiously donut;2024-03-03T06:49:58
4;19502;loyally;actually cheerful;2024-03-03T13:10:33;ack detailed zucchini;oh;2024-03-03T15:15:41;at;shoulder;2024-03-03T12:31:52;absent modulo;until when;2024-03-03T08:08:12
5;101;ack wrathful although;fatally;2024-03-03T11:18:00;rhyme everything;even whereas ack;2024-03-03T09:51:55;once woefully reassuringly;cheerfully breakable;2024-03-04T00:13:35;kale statute touch;swiftly anenst discard;2024-03-04T03:15:04
6;2730;dishonor abstract;medal saviour chives;2024-03-03T15:32:21;excitedly yum instructive;pigeonhole absent ew;2024-03-03T10:02:08;nearly huzzah;while sweetly;2024-03-03T18:32:55;particular fiberglass;metallic wisteria;2024-03-03T12:32:59
7;10028;instrument than original;hop;2024-03-03T23:05:39;hyphenate grouchy pish;though hole;2024-03-04T04:50:59;lodge furiously;while band;2024-03-03T19:43:50;kooky among compassionate;courteous beside silky;2024-03-03T18:56:46
8;6033;silently;gently smoggy indeed;2024-03-03T06:27:06;outside roughly;sleepily afore remarkable;2024-03-03T15:20:25;censor regarding width;eulogize;2024-03-03T09:55:48;than yieldingly;now like;2024-03-03T12:28:26
9;13246;teleoperate or;pish manufacturer;2024-03-03T07:44:45;clean;interval lamb mortally;2024-03-04T02:14:27;psst;coverall verifiable;2024-03-04T00:19:51;insecure quirkily offbeat;arise rubber;2024-03-03T18:31:49
10;28553;brr sympathetically;simplicity;2024-03-03T18:24:11;incidentally and;geez proselytise viciously;2024-03-04T02:23:45;experiment less er;sternly now oddly;2024-03-04T03:57:25;gah vice;probable;2024-03-03T09:42:33
