id;tran_id;first_pledge_reviewer_accept;first_pledge_reviewed_accept_date;first_pledge_reviewer_reject;first_pledge_reviewer_reject_reason;first_pledge_reviewed_rejected_date;second_pledge_reviewer_accept;second_pledge_reviewed_accept_date;second_pledge_reviewer_reject;second_pledge_reviewer_reject_reason;second_pledge_reviewed_rejected_date;first_fiducary_reviewer_accept;first_fiducary_reviewed_accept_date;first_fiducary_reviewer_reject;first_fiducary_reviewer_reject_reason;first_fiducary_reviewed_rejected_date;second_fiducary_reviewer_accept;second_p_fiducary_reviewed_accept_date;second_fiducary_reviewer_reject;second_fiducary_reviewer_reject_reason;second_fiducary_reviewed_rejected_date;first_over_draft_reviewer_accept;first_over_draft_reviewed_accept_date;first_over_draft_reviewer_reject;first_over_draft_reviewer_reject_reason;first_over_draft_reviewed_rejected_date;second_over_draft_reviewer_accept;second_over_draft_reviewed_accept_date;second_over_draft_reviewer_reject;second_over_draft_reviewer_reject_reason;second_over_draft_reviewed_rejected_date
1;32388;dote even;2024-03-03T10:30:41;consequently midst;every sharp crumble;2024-03-03T19:07:48;once what gag;2024-03-03T20:59:32;out the roar;zowie string;2024-03-03T06:47:50;strengthen bass boo;2024-03-03T12:34:50;scary pfft eek;vainly;2024-03-03T12:57:06;taut annotate athwart;2024-03-03T16:06:13;far-off;ha about mentor;2024-03-03T20:43:44;scythe;2024-03-03T17:49:12;for;noisy;2024-03-03T05:10:44;er meanwhile equatorial;2024-03-04T00:32:21;mountainous bah;woot lox ack;2024-03-03T20:19:06
2;21893;punctually lose;2024-03-03T10:51:09;drat pastor;whenever clown;2024-03-04T00:44:07;yuck on;2024-03-04T01:39:53;rural serene;inflict;2024-03-03T08:13:56;archeology;2024-03-03T16:56:25;unto;spine bloodflow indeed;2024-03-03T06:11:30;stoke boo optimistically;2024-03-04T04:01:02;monthly large some;nor jealously whereas;2024-03-03T09:48:05;inn oof;2024-03-03T15:30:56;after;homework;2024-03-03T07:55:56;boo uh-huh;2024-03-03T19:38:37;whereas gleefully for;pitch hull squiggly;2024-03-03T17:39:17
3;27510;rest feast idealise;2024-03-04T00:02:10;campaign;effacement never tattoo;2024-03-03T12:49:07;potential consequently ha;2024-03-04T04:10:07;puzzled that;document beneath excluding;2024-03-03T12:17:28;provided pointed;2024-03-04T04:08:15;yippee;shed knowingly;2024-03-03T20:46:28;fluffy complication playfully;2024-03-03T09:46:42;afterwards;regarding yahoo sturdy;2024-03-03T20:26:13;kludge instead psst;2024-03-03T08:39:39;towards;whenever;2024-03-03T23:17:23;muted yahoo toward;2024-03-03T15:31:00;sternly plant unaware;continually phew;2024-03-03T22:51:38
4;7710;even worth redeploy;2024-03-03T05:32:22;unexpectedly bifocals;fetch cuff-link;2024-03-04T04:36:01;huzzah ambulance;2024-03-03T20:24:09;in;as;2024-03-03T11:12:12;drench;2024-03-03T19:48:09;reluctantly sugar pardon;nor lovable;2024-03-03T15:30:59;or of;2024-03-03T10:22:22;mollify disincentivize;intensely quickly;2024-03-03T19:21:28;resurrect ha;2024-03-03T22:12:06;oh psst opulent;depreciate isolation;2024-03-04T04:18:42;upright afforest flog;2024-03-04T01:10:40;loudly ack sternly;decide;2024-03-03T22:44:54
5;4014;negligible odd;2024-03-03T22:04:01;glom off nocturnal;purvey incidentally youthfully;2024-03-03T15:00:09;sternly whereas lollop;2024-03-03T22:20:33;with;outside;2024-03-04T03:53:52;inasmuch;2024-03-03T07:22:32;hasty tonight destiny;wrongly ick;2024-03-04T03:41:01;treasure once;2024-03-03T19:51:21;yuck ew smart;specific;2024-03-04T04:17:44;simvastatin aw cooperation;2024-03-04T04:42:09;waylay statistics;amass;2024-03-04T01:13:10;aboard;2024-03-03T10:15:58;dowse quicker however;healthily ugh abnormally;2024-03-03T07:36:03
6;13100;ha phooey;2024-03-03T08:19:49;mine cavernous if;speedily likely;2024-03-03T07:44:57;highly bah;2024-03-04T03:31:16;happy-go-lucky;meanwhile;2024-03-03T13:12:17;lining inch forenenst;2024-03-03T10:42:55;why freely on;honest;2024-03-04T01:10:05;until;2024-03-03T14:25:11;against rock;than;2024-03-03T07:45:46;amongst yippee;2024-03-03T17:45:19;suspicious woot;hoon reassure;2024-03-03T20:09:41;mostly;2024-03-04T03:47:50;vice enormously;entrance divorce;2024-03-04T01:59:46
7;8846;aw toga;2024-03-03T07:33:24;boo meh;incidentally ha;2024-03-03T10:22:47;gratefully geez kindheartedly;2024-03-03T05:54:38;reliable screening likable;navigate yet;2024-03-03T13:14:22;meanwhile;2024-03-04T03:41:16;liar;toe frivolous deign;2024-03-03T09:26:14;irk;2024-03-03T06:11:50;experienced why;phew crossly last;2024-03-03T07:32:52;forenenst into lentil;2024-03-03T22:48:31;aha;draught gah;2024-03-03T15:27:52;while overcooked rubbish;2024-03-03T07:19:43;whenever;relish purse curly;2024-03-03T14:22:55
8;12549;where;2024-03-04T02:20:56;nearer circular;disallow although than;2024-03-03T21:30:13;upbeat;2024-03-03T07:17:24;ingest except;ha;2024-03-03T19:23:23;before pillow;2024-03-03T20:13:17;but ah;bashfully;2024-03-03T18:02:58;during;2024-03-03T19:26:46;minus;jilt per;2024-03-03T13:25:07;at fertilizer bleach;2024-03-03T14:50:56;wetly scarcely delirious;if indulge;2024-03-03T07:16:50;bake;2024-03-03T18:12:47;following;graceful yum excise;2024-03-04T02:29:15
9;3762;ha false;2024-03-03T14:23:35;bid wine pro;minus rotten despise;2024-03-03T20:26:45;underneath lace;2024-03-04T01:02:39;since tenderly;pace whenever valid;2024-03-03T22:25:17;till proper;2024-03-04T03:14:57;doom demobilise;medal an oh;2024-03-03T09:14:21;blabber so blend;2024-03-03T17:53:23;healthily nor sneak;throw healthily;2024-03-03T16:11:51;phew bifocals pretty;2024-03-03T20:23:57;depend acid;triumphantly shrilly;2024-03-03T13:48:38;remark nor;2024-03-03T20:41:58;frequent echidna strudel;welch so consumer;2024-03-03T05:37:06
10;23446;astride to;2024-03-03T11:28:23;supposing;gargantuan on;2024-03-03T15:50:14;fooey hefty optimistic;2024-03-03T17:04:57;how;conquer triangular pfft;2024-03-03T23:36:21;runway moral until;2024-03-03T07:20:15;high-level harbor ripe;viciously corral arrogantly;2024-03-03T06:35:41;gaffer owlishly weird;2024-03-03T05:13:23;reluctantly fully;between drat instead;2024-03-03T17:03:59;next;2024-03-03T11:32:14;as;although;2024-03-04T03:17:49;wedge although;2024-03-03T10:00:21;of defender;following great serene;2024-03-03T06:59:29
