<?xml version="1.0" encoding="utf-8"?>
<databaseChangeLog
    xmlns="http://www.liquibase.org/xml/ns/dbchangelog"
    xmlns:ext="http://www.liquibase.org/xml/ns/dbchangelog-ext"
    xmlns:xsi="http://www.w3.org/2001/XMLSchema-instance"
    xsi:schemaLocation="http://www.liquibase.org/xml/ns/dbchangelog http://www.liquibase.org/xml/ns/dbchangelog/dbchangelog-latest.xsd
                        http://www.liquibase.org/xml/ns/dbchangelog-ext http://www.liquibase.org/xml/ns/dbchangelog/dbchangelog-ext.xsd">

    <!--
        Added the entity Transaction.
    -->
    <changeSet id="20240304045728-1" author="jhipster">
        <createTable tableName="jhi_transaction">
            <column name="id" type="bigint">
                <constraints primaryKey="true" nullable="false"/>
            </column>
            <column name="tran_id" type="bigint">
                <constraints nullable="false" unique="true" uniqueConstraintName="ux_jhi_transaction__tran_id" />
            </column>
            <column name="tran_name" type="varchar(255)">
                <constraints nullable="true" />
            </column>
            <column name="frm_cnt" type="integer">
                <constraints nullable="true" />
            </column>
            <column name="to_cnt" type="integer">
                <constraints nullable="true" />
            </column>
            <column name="total_amount" type="decimal(21,2)">
                <constraints nullable="true" />
            </column>
            <column name="created_date" type="${datetimeType}">
                <constraints nullable="true" />
            </column>
            <column name="updated_date" type="${datetimeType}">
                <constraints nullable="true" />
            </column>
            <column name="created_by" type="varchar(255)">
                <constraints nullable="true" />
            </column>
            <column name="updated_by" type="varchar(255)">
                <constraints nullable="true" />
            </column>
            <column name="settlement_date" type="${datetimeType}">
                <constraints nullable="true" />
            </column>
            <column name="frequency_type" type="varchar(255)">
                <constraints nullable="true" />
            </column>
            <column name="tran_type" type="varchar(255)">
                <constraints nullable="true" />
            </column>
            <column name="profile_id" type="bigint">
                <constraints nullable="true" />
            </column>
            <column name="profile_name" type="varchar(255)">
                <constraints nullable="true" />
            </column>
            <column name="narrative" type="varchar(255)">
                <constraints nullable="true" />
            </column>
            <column name="preceding_narrative" type="varchar(255)">
                <constraints nullable="true" />
            </column>
            <column name="custom_narrative" type="varchar(255)">
                <constraints nullable="true" />
            </column>
            <column name="system_generated_narrative" type="varchar(255)">
                <constraints nullable="true" />
            </column>
            <column name="transaction_mapping_id" type="bigint">
                <constraints nullable="true" unique="true" uniqueConstraintName="ux_jhi_transaction__transaction_mapping_id" />
            </column>
            <column name="transaction_approval_id" type="bigint">
                <constraints nullable="true" unique="true" uniqueConstraintName="ux_jhi_transaction__transaction_approval_id" />
            </column>
            <column name="transaction_review_id" type="bigint">
                <constraints nullable="true" unique="true" uniqueConstraintName="ux_jhi_transaction__transaction_review_id" />
            </column>
            <!-- jhipster-needle-liquibase-add-column - JHipster will add columns here -->
        </createTable>
        <dropDefaultValue tableName="jhi_transaction" columnName="created_date" columnDataType="${datetimeType}"/>
        <dropDefaultValue tableName="jhi_transaction" columnName="updated_date" columnDataType="${datetimeType}"/>
        <dropDefaultValue tableName="jhi_transaction" columnName="settlement_date" columnDataType="${datetimeType}"/>
    </changeSet>

    <!-- jhipster-needle-liquibase-add-changeset - JHipster will add changesets here -->

    <!--
        Load sample data generated with Faker.js
        - This data can be easily edited using a CSV editor (or even MS Excel) and
          is located in the 'src/main/resources/config/liquibase/fake-data' directory
        - By default this data is applied when running with the JHipster 'dev' profile.
          This can be customized by adding or removing 'faker' in the 'spring.liquibase.contexts'
          Spring Boot configuration key.
    -->
    <changeSet id="20240304045728-1-data" author="jhipster" context="faker">
        <loadData
                  file="config/liquibase/fake-data/jhi_transaction.csv"
                  separator=";"
                  tableName="jhi_transaction"
                  usePreparedStatements="true">
            <column name="id" type="numeric"/>
            <column name="tran_id" type="numeric"/>
            <column name="tran_name" type="string"/>
            <column name="frm_cnt" type="numeric"/>
            <column name="to_cnt" type="numeric"/>
            <column name="total_amount" type="numeric"/>
            <column name="created_date" type="date"/>
            <column name="updated_date" type="date"/>
            <column name="created_by" type="string"/>
            <column name="updated_by" type="string"/>
            <column name="settlement_date" type="date"/>
            <column name="frequency_type" type="string"/>
            <column name="tran_type" type="string"/>
            <column name="profile_id" type="numeric"/>
            <column name="profile_name" type="string"/>
            <column name="narrative" type="string"/>
            <column name="preceding_narrative" type="string"/>
            <column name="custom_narrative" type="string"/>
            <column name="system_generated_narrative" type="string"/>
            <!-- jhipster-needle-liquibase-add-loadcolumn - JHipster (and/or extensions) can add load columns here -->
        </loadData>
    </changeSet>
</databaseChangeLog>
