<?xml version="1.0" encoding="utf-8"?>
<databaseChangeLog
    xmlns="http://www.liquibase.org/xml/ns/dbchangelog"
    xmlns:ext="http://www.liquibase.org/xml/ns/dbchangelog-ext"
    xmlns:xsi="http://www.w3.org/2001/XMLSchema-instance"
    xsi:schemaLocation="http://www.liquibase.org/xml/ns/dbchangelog http://www.liquibase.org/xml/ns/dbchangelog/dbchangelog-latest.xsd
                        http://www.liquibase.org/xml/ns/dbchangelog-ext http://www.liquibase.org/xml/ns/dbchangelog/dbchangelog-ext.xsd">

    <!--
        Added the entity TransactionApproval.
    -->
    <changeSet id="20240304050440-1" author="jhipster">
        <createTable tableName="transaction_approval">
            <column name="id" type="bigint">
                <constraints primaryKey="true" nullable="false"/>
            </column>
            <column name="tran_id" type="bigint">
                <constraints nullable="false" unique="true" uniqueConstraintName="ux_transaction_approval__tran_id" />
            </column>
            <column name="first_approver" type="varchar(255)">
                <constraints nullable="true" />
            </column>
            <column name="first_approval_reason" type="varchar(255)">
                <constraints nullable="true" />
            </column>
            <column name="first_approval_date" type="${datetimeType}">
                <constraints nullable="true" />
            </column>
            <column name="first_rejector" type="varchar(255)">
                <constraints nullable="true" />
            </column>
            <column name="first_rejector_reason" type="varchar(255)">
                <constraints nullable="true" />
            </column>
            <column name="first_rejected_date" type="${datetimeType}">
                <constraints nullable="true" />
            </column>
            <column name="second_approver" type="varchar(255)">
                <constraints nullable="true" />
            </column>
            <column name="second_approval_reason" type="varchar(255)">
                <constraints nullable="true" />
            </column>
            <column name="second_approval_date" type="${datetimeType}">
                <constraints nullable="true" />
            </column>
            <column name="second_rejector" type="varchar(255)">
                <constraints nullable="true" />
            </column>
            <column name="second_rejector_reason" type="varchar(255)">
                <constraints nullable="true" />
            </column>
            <column name="second_rejected_date" type="${datetimeType}">
                <constraints nullable="true" />
            </column>
            <!-- jhipster-needle-liquibase-add-column - JHipster will add columns here -->
        </createTable>
        <dropDefaultValue tableName="transaction_approval" columnName="first_approval_date" columnDataType="${datetimeType}"/>
        <dropDefaultValue tableName="transaction_approval" columnName="first_rejected_date" columnDataType="${datetimeType}"/>
        <dropDefaultValue tableName="transaction_approval" columnName="second_approval_date" columnDataType="${datetimeType}"/>
        <dropDefaultValue tableName="transaction_approval" columnName="second_rejected_date" columnDataType="${datetimeType}"/>
    </changeSet>

    <!-- jhipster-needle-liquibase-add-changeset - JHipster will add changesets here -->

    <!--
        Load sample data generated with Faker.js
        - This data can be easily edited using a CSV editor (or even MS Excel) and
          is located in the 'src/main/resources/config/liquibase/fake-data' directory
        - By default this data is applied when running with the JHipster 'dev' profile.
          This can be customized by adding or removing 'faker' in the 'spring.liquibase.contexts'
          Spring Boot configuration key.
    -->
    <changeSet id="20240304050440-1-data" author="jhipster" context="faker">
        <loadData
                  file="config/liquibase/fake-data/transaction_approval.csv"
                  separator=";"
                  tableName="transaction_approval"
                  usePreparedStatements="true">
            <column name="id" type="numeric"/>
            <column name="tran_id" type="numeric"/>
            <column name="first_approver" type="string"/>
            <column name="first_approval_reason" type="string"/>
            <column name="first_approval_date" type="date"/>
            <column name="first_rejector" type="string"/>
            <column name="first_rejector_reason" type="string"/>
            <column name="first_rejected_date" type="date"/>
            <column name="second_approver" type="string"/>
            <column name="second_approval_reason" type="string"/>
            <column name="second_approval_date" type="date"/>
            <column name="second_rejector" type="string"/>
            <column name="second_rejector_reason" type="string"/>
            <column name="second_rejected_date" type="date"/>
            <!-- jhipster-needle-liquibase-add-loadcolumn - JHipster (and/or extensions) can add load columns here -->
        </loadData>
    </changeSet>
</databaseChangeLog>
