<?xml version="1.0" encoding="utf-8"?>
<databaseChangeLog
    xmlns="http://www.liquibase.org/xml/ns/dbchangelog"
    xmlns:ext="http://www.liquibase.org/xml/ns/dbchangelog-ext"
    xmlns:xsi="http://www.w3.org/2001/XMLSchema-instance"
    xsi:schemaLocation="http://www.liquibase.org/xml/ns/dbchangelog http://www.liquibase.org/xml/ns/dbchangelog/dbchangelog-latest.xsd
                        http://www.liquibase.org/xml/ns/dbchangelog-ext http://www.liquibase.org/xml/ns/dbchangelog/dbchangelog-ext.xsd">

    <!--
        Added the entity TransactionReview.
    -->
    <changeSet id="20240304045928-1" author="jhipster">
        <createTable tableName="transaction_review">
            <column name="id" type="bigint">
                <constraints primaryKey="true" nullable="false"/>
            </column>
            <column name="tran_id" type="bigint">
                <constraints nullable="false" unique="true" uniqueConstraintName="ux_transaction_review__tran_id" />
            </column>
            <column name="first_pledge_reviewer_accept" type="varchar(255)">
                <constraints nullable="true" />
            </column>
            <column name="first_pledge_reviewed_accept_date" type="${datetimeType}">
                <constraints nullable="true" />
            </column>
            <column name="first_pledge_reviewer_reject" type="varchar(255)">
                <constraints nullable="true" />
            </column>
            <column name="first_pledge_reviewer_reject_reason" type="varchar(255)">
                <constraints nullable="true" />
            </column>
            <column name="first_pledge_reviewed_rejected_date" type="${datetimeType}">
                <constraints nullable="true" />
            </column>
            <column name="second_pledge_reviewer_accept" type="varchar(255)">
                <constraints nullable="true" />
            </column>
            <column name="second_pledge_reviewed_accept_date" type="${datetimeType}">
                <constraints nullable="true" />
            </column>
            <column name="second_pledge_reviewer_reject" type="varchar(255)">
                <constraints nullable="true" />
            </column>
            <column name="second_pledge_reviewer_reject_reason" type="varchar(255)">
                <constraints nullable="true" />
            </column>
            <column name="second_pledge_reviewed_rejected_date" type="${datetimeType}">
                <constraints nullable="true" />
            </column>
            <column name="first_fiducary_reviewer_accept" type="varchar(255)">
                <constraints nullable="true" />
            </column>
            <column name="first_fiducary_reviewed_accept_date" type="${datetimeType}">
                <constraints nullable="true" />
            </column>
            <column name="first_fiducary_reviewer_reject" type="varchar(255)">
                <constraints nullable="true" />
            </column>
            <column name="first_fiducary_reviewer_reject_reason" type="varchar(255)">
                <constraints nullable="true" />
            </column>
            <column name="first_fiducary_reviewed_rejected_date" type="${datetimeType}">
                <constraints nullable="true" />
            </column>
            <column name="second_fiducary_reviewer_accept" type="varchar(255)">
                <constraints nullable="true" />
            </column>
            <column name="second_p_fiducary_reviewed_accept_date" type="${datetimeType}">
                <constraints nullable="true" />
            </column>
            <column name="second_fiducary_reviewer_reject" type="varchar(255)">
                <constraints nullable="true" />
            </column>
            <column name="second_fiducary_reviewer_reject_reason" type="varchar(255)">
                <constraints nullable="true" />
            </column>
            <column name="second_fiducary_reviewed_rejected_date" type="${datetimeType}">
                <constraints nullable="true" />
            </column>
            <column name="first_over_draft_reviewer_accept" type="varchar(255)">
                <constraints nullable="true" />
            </column>
            <column name="first_over_draft_reviewed_accept_date" type="${datetimeType}">
                <constraints nullable="true" />
            </column>
            <column name="first_over_draft_reviewer_reject" type="varchar(255)">
                <constraints nullable="true" />
            </column>
            <column name="first_over_draft_reviewer_reject_reason" type="varchar(255)">
                <constraints nullable="true" />
            </column>
            <column name="first_over_draft_reviewed_rejected_date" type="${datetimeType}">
                <constraints nullable="true" />
            </column>
            <column name="second_over_draft_reviewer_accept" type="varchar(255)">
                <constraints nullable="true" />
            </column>
            <column name="second_over_draft_reviewed_accept_date" type="${datetimeType}">
                <constraints nullable="true" />
            </column>
            <column name="second_over_draft_reviewer_reject" type="varchar(255)">
                <constraints nullable="true" />
            </column>
            <column name="second_over_draft_reviewer_reject_reason" type="varchar(255)">
                <constraints nullable="true" />
            </column>
            <column name="second_over_draft_reviewed_rejected_date" type="${datetimeType}">
                <constraints nullable="true" />
            </column>
            <!-- jhipster-needle-liquibase-add-column - JHipster will add columns here -->
        </createTable>
        <dropDefaultValue tableName="transaction_review" columnName="first_pledge_reviewed_accept_date" columnDataType="${datetimeType}"/>
        <dropDefaultValue tableName="transaction_review" columnName="first_pledge_reviewed_rejected_date" columnDataType="${datetimeType}"/>
        <dropDefaultValue tableName="transaction_review" columnName="second_pledge_reviewed_accept_date" columnDataType="${datetimeType}"/>
        <dropDefaultValue tableName="transaction_review" columnName="second_pledge_reviewed_rejected_date" columnDataType="${datetimeType}"/>
        <dropDefaultValue tableName="transaction_review" columnName="first_fiducary_reviewed_accept_date" columnDataType="${datetimeType}"/>
        <dropDefaultValue tableName="transaction_review" columnName="first_fiducary_reviewed_rejected_date" columnDataType="${datetimeType}"/>
        <dropDefaultValue tableName="transaction_review" columnName="second_p_fiducary_reviewed_accept_date" columnDataType="${datetimeType}"/>
        <dropDefaultValue tableName="transaction_review" columnName="second_fiducary_reviewed_rejected_date" columnDataType="${datetimeType}"/>
        <dropDefaultValue tableName="transaction_review" columnName="first_over_draft_reviewed_accept_date" columnDataType="${datetimeType}"/>
        <dropDefaultValue tableName="transaction_review" columnName="first_over_draft_reviewed_rejected_date" columnDataType="${datetimeType}"/>
        <dropDefaultValue tableName="transaction_review" columnName="second_over_draft_reviewed_accept_date" columnDataType="${datetimeType}"/>
        <dropDefaultValue tableName="transaction_review" columnName="second_over_draft_reviewed_rejected_date" columnDataType="${datetimeType}"/>
    </changeSet>

    <!-- jhipster-needle-liquibase-add-changeset - JHipster will add changesets here -->

    <!--
        Load sample data generated with Faker.js
        - This data can be easily edited using a CSV editor (or even MS Excel) and
          is located in the 'src/main/resources/config/liquibase/fake-data' directory
        - By default this data is applied when running with the JHipster 'dev' profile.
          This can be customized by adding or removing 'faker' in the 'spring.liquibase.contexts'
          Spring Boot configuration key.
    -->
    <changeSet id="20240304045928-1-data" author="jhipster" context="faker">
        <loadData
                  file="config/liquibase/fake-data/transaction_review.csv"
                  separator=";"
                  tableName="transaction_review"
                  usePreparedStatements="true">
            <column name="id" type="numeric"/>
            <column name="tran_id" type="numeric"/>
            <column name="first_pledge_reviewer_accept" type="string"/>
            <column name="first_pledge_reviewed_accept_date" type="date"/>
            <column name="first_pledge_reviewer_reject" type="string"/>
            <column name="first_pledge_reviewer_reject_reason" type="string"/>
            <column name="first_pledge_reviewed_rejected_date" type="date"/>
            <column name="second_pledge_reviewer_accept" type="string"/>
            <column name="second_pledge_reviewed_accept_date" type="date"/>
            <column name="second_pledge_reviewer_reject" type="string"/>
            <column name="second_pledge_reviewer_reject_reason" type="string"/>
            <column name="second_pledge_reviewed_rejected_date" type="date"/>
            <column name="first_fiducary_reviewer_accept" type="string"/>
            <column name="first_fiducary_reviewed_accept_date" type="date"/>
            <column name="first_fiducary_reviewer_reject" type="string"/>
            <column name="first_fiducary_reviewer_reject_reason" type="string"/>
            <column name="first_fiducary_reviewed_rejected_date" type="date"/>
            <column name="second_fiducary_reviewer_accept" type="string"/>
            <column name="second_p_fiducary_reviewed_accept_date" type="date"/>
            <column name="second_fiducary_reviewer_reject" type="string"/>
            <column name="second_fiducary_reviewer_reject_reason" type="string"/>
            <column name="second_fiducary_reviewed_rejected_date" type="date"/>
            <column name="first_over_draft_reviewer_accept" type="string"/>
            <column name="first_over_draft_reviewed_accept_date" type="date"/>
            <column name="first_over_draft_reviewer_reject" type="string"/>
            <column name="first_over_draft_reviewer_reject_reason" type="string"/>
            <column name="first_over_draft_reviewed_rejected_date" type="date"/>
            <column name="second_over_draft_reviewer_accept" type="string"/>
            <column name="second_over_draft_reviewed_accept_date" type="date"/>
            <column name="second_over_draft_reviewer_reject" type="string"/>
            <column name="second_over_draft_reviewer_reject_reason" type="string"/>
            <column name="second_over_draft_reviewed_rejected_date" type="date"/>
            <!-- jhipster-needle-liquibase-add-loadcolumn - JHipster (and/or extensions) can add load columns here -->
        </loadData>
    </changeSet>
</databaseChangeLog>
