id;tran_id;tran_name;frm_cnt;to_cnt;total_amount;created_date;updated_date;created_by;updated_by;settlement_date;frequency_type;tran_type;profile_id;profile_name;narrative;preceding_narrative;custom_narrative;system_generated_narrative
1;21912;sealift;11143;23325;22780.91;2024-03-03T18:31:45;2024-03-03T21:16:02;ick jaw;meh oof cute;2024-03-03T13:47:16;appellation among;brilliant brr amid;22487;interval;but;likewise obviate pace;clearly well-informed beset;apropos barring
2;6048;even primary attendant;23253;21649;15209.01;2024-03-03T17:42:49;2024-03-03T15:36:43;curly greedy;scented;2024-03-03T17:14:29;tremendously;lute;23593;upon anenst;meanwhile meanwhile now;uh-huh;jovially stash;oversight yowza yippee
3;2021;vice successfully;24043;3127;1308.08;2024-03-03T21:57:30;2024-03-03T10:36:12;unlike along erupt;cheerful ew;2024-03-03T18:07:29;calmly poker insidious;hose;3522;stiff;foundation;versus whose;of;of
4;4465;mall beside hidden;6017;24621;18323.8;2024-03-03T15:17:57;2024-03-03T06:03:20;phooey when afore;limp single;2024-03-03T13:02:20;revile supposing spelt;beech;12788;regularly;torn;illiterate;resist;glow
5;10402;furthermore reminisce strictly;30724;28519;17784.08;2024-03-03T08:41:59;2024-03-03T10:22:00;enormously;badly jeer until;2024-03-03T18:15:25;ah;spectacles;30767;modulo where edible;but pfft barring;hm occasional especially;zowie;so phooey
6;30044;under regarding astride;10744;14006;11528.11;2024-03-03T07:35:28;2024-03-03T22:21:39;across slurp valiantly;amidst smooch;2024-03-04T04:03:24;supposing;drat coarse striped;23536;furthermore blah;zen outside;household virtual manufacture;footage;except violently
7;1717;pack regarding annual;4146;25264;16863.86;2024-03-03T19:43:56;2024-03-03T19:20:58;monthly viciously lengthen;nor;2024-03-03T06:12:37;afore um;gadzooks with;1439;impressive waterfall;verbally whose brr;slump judgementally;crush finally;leafy throughout
8;13815;energize;28055;5417;11046.23;2024-03-03T08:02:01;2024-03-03T20:51:11;briefly than;measure deliberately;2024-03-03T13:49:56;ouch blah as;elbow bah favorite;9206;midst destabilize round;acknowledgment;yum as;to despite afterwards;readily
9;2305;thousand;21183;30422;29464.47;2024-03-03T22:43:38;2024-03-03T21:08:23;true;proud reprieve;2024-03-04T03:19:34;cornflakes which;intensely;23515;plantation duh;chili;stable why finished;er boohoo the;muss gigantic oh
10;22485;consider;24798;14895;23000.33;2024-03-03T18:41:09;2024-03-03T14:15:16;rewarding;pish;2024-03-03T23:35:34;triumphantly oversell feminize;shield gratify quickly;17539;hence short-term;gah knife-edge;pilot incline toss;plus;lest chairperson amongst
