id;tran_id;first_approver;first_approval_reason;first_approval_date;first_rejector;first_rejector_reason;first_rejected_date;second_approver;second_approval_reason;second_approval_date;second_rejector;second_rejector_reason;second_rejected_date
1;7283;but;disorientate;2024-03-04T02:55:57;unless veer worriedly;accelerant sheepishly zowie;2024-03-03T11:01:26;revolver;likely;2024-03-03T11:52:09;athwart manage;ref;2024-03-03T16:50:19
2;4116;nocturnal;livid unlike;2024-03-03T12:26:37;huge;so though;2024-03-03T18:09:25;faithfully boo;whoever inasmuch;2024-03-04T05:01:00;enter until mellow;mostly even;2024-03-03T10:14:32
3;16122;pfft boulevard;uh-huh dancer google;2024-03-03T21:53:05;urgently reach;where about;2024-03-04T04:39:34;given;astride;2024-03-03T17:03:14;relaxation jovially;anxiously donut;2024-03-03T06:56:10
4;19502;loyally;actually cheerful;2024-03-03T13:16:45;ack detailed zucchini;oh;2024-03-03T15:21:53;at;shoulder;2024-03-03T12:38:04;absent modulo;until when;2024-03-03T08:14:24
5;101;ack wrathful although;fatally;2024-03-03T11:24:12;rhyme everything;even whereas ack;2024-03-03T09:58:07;once woefully reassuringly;cheerfully breakable;2024-03-04T00:19:47;kale statute touch;swiftly anenst discard;2024-03-04T03:21:16
6;2730;dishonor abstract;medal saviour chives;2024-03-03T15:38:33;excitedly yum instructive;pigeonhole absent ew;2024-03-03T10:08:20;nearly huzzah;while sweetly;2024-03-03T18:39:07;particular fiberglass;metallic wisteria;2024-03-03T12:39:11
7;10028;instrument than original;hop;2024-03-03T23:11:51;hyphenate grouchy pish;though hole;2024-03-04T04:57:11;lodge furiously;while band;2024-03-03T19:50:02;kooky among compassionate;courteous beside silky;2024-03-03T19:02:58
8;6033;silently;gently smoggy indeed;2024-03-03T06:33:18;outside roughly;sleepily afore remarkable;2024-03-03T15:26:37;censor regarding width;eulogize;2024-03-03T10:02:00;than yieldingly;now like;2024-03-03T12:34:38
9;13246;teleoperate or;pish manufacturer;2024-03-03T07:50:57;clean;interval lamb mortally;2024-03-04T02:20:39;psst;coverall verifiable;2024-03-04T00:26:03;insecure quirkily offbeat;arise rubber;2024-03-03T18:38:01
10;28553;brr sympathetically;simplicity;2024-03-03T18:30:23;incidentally and;geez proselytise viciously;2024-03-04T02:29:57;experiment less er;sternly now oddly;2024-03-04T04:03:37;gah vice;probable;2024-03-03T09:48:45
