id;tran_id;first_pledge_reviewer_accept;first_pledge_reviewed_accept_date;first_pledge_reviewer_reject;first_pledge_reviewer_reject_reason;first_pledge_reviewed_rejected_date;second_pledge_reviewer_accept;second_pledge_reviewed_accept_date;second_pledge_reviewer_reject;second_pledge_reviewer_reject_reason;second_pledge_reviewed_rejected_date;first_fiducary_reviewer_accept;first_fiducary_reviewed_accept_date;first_fiducary_reviewer_reject;first_fiducary_reviewer_reject_reason;first_fiducary_reviewed_rejected_date;second_fiducary_reviewer_accept;second_p_fiducary_reviewed_accept_date;second_fiducary_reviewer_reject;second_fiducary_reviewer_reject_reason;second_fiducary_reviewed_rejected_date;first_over_draft_reviewer_accept;first_over_draft_reviewed_accept_date;first_over_draft_reviewer_reject;first_over_draft_reviewer_reject_reason;first_over_draft_reviewed_rejected_date;second_over_draft_reviewer_accept;second_over_draft_reviewed_accept_date;second_over_draft_reviewer_reject;second_over_draft_reviewer_reject_reason;second_over_draft_reviewed_rejected_date
1;32388;dote even;2024-03-03T10:36:53;consequently midst;every sharp crumble;2024-03-03T19:14:00;once what gag;2024-03-03T21:05:44;out the roar;zowie string;2024-03-03T06:54:02;strengthen bass boo;2024-03-03T12:41:02;scary pfft eek;vainly;2024-03-03T13:03:18;taut annotate athwart;2024-03-03T16:12:25;far-off;ha about mentor;2024-03-03T20:49:56;scythe;2024-03-03T17:55:24;for;noisy;2024-03-03T05:16:56;er meanwhile equatorial;2024-03-04T00:38:33;mountainous bah;woot lox ack;2024-03-03T20:25:18
2;21893;punctually lose;2024-03-03T10:57:21;drat pastor;whenever clown;2024-03-04T00:50:19;yuck on;2024-03-04T01:46:05;rural serene;inflict;2024-03-03T08:20:08;archeology;2024-03-03T17:02:37;unto;spine bloodflow indeed;2024-03-03T06:17:42;stoke boo optimistically;2024-03-04T04:07:14;monthly large some;nor jealously whereas;2024-03-03T09:54:17;inn oof;2024-03-03T15:37:08;after;homework;2024-03-03T08:02:08;boo uh-huh;2024-03-03T19:44:49;whereas gleefully for;pitch hull squiggly;2024-03-03T17:45:29
3;27510;rest feast idealise;2024-03-04T00:08:22;campaign;effacement never tattoo;2024-03-03T12:55:19;potential consequently ha;2024-03-04T04:16:19;puzzled that;document beneath excluding;2024-03-03T12:23:40;provided pointed;2024-03-04T04:14:27;yippee;shed knowingly;2024-03-03T20:52:40;fluffy complication playfully;2024-03-03T09:52:54;afterwards;regarding yahoo sturdy;2024-03-03T20:32:25;kludge instead psst;2024-03-03T08:45:51;towards;whenever;2024-03-03T23:23:35;muted yahoo toward;2024-03-03T15:37:12;sternly plant unaware;continually phew;2024-03-03T22:57:50
4;7710;even worth redeploy;2024-03-03T05:38:34;unexpectedly bifocals;fetch cuff-link;2024-03-04T04:42:13;huzzah ambulance;2024-03-03T20:30:21;in;as;2024-03-03T11:18:24;drench;2024-03-03T19:54:21;reluctantly sugar pardon;nor lovable;2024-03-03T15:37:11;or of;2024-03-03T10:28:34;mollify disincentivize;intensely quickly;2024-03-03T19:27:40;resurrect ha;2024-03-03T22:18:18;oh psst opulent;depreciate isolation;2024-03-04T04:24:54;upright afforest flog;2024-03-04T01:16:52;loudly ack sternly;decide;2024-03-03T22:51:06
5;4014;negligible odd;2024-03-03T22:10:13;glom off nocturnal;purvey incidentally youthfully;2024-03-03T15:06:21;sternly whereas lollop;2024-03-03T22:26:45;with;outside;2024-03-04T04:00:04;inasmuch;2024-03-03T07:28:44;hasty tonight destiny;wrongly ick;2024-03-04T03:47:13;treasure once;2024-03-03T19:57:33;yuck ew smart;specific;2024-03-04T04:23:56;simvastatin aw cooperation;2024-03-04T04:48:21;waylay statistics;amass;2024-03-04T01:19:22;aboard;2024-03-03T10:22:10;dowse quicker however;healthily ugh abnormally;2024-03-03T07:42:15
6;13100;ha phooey;2024-03-03T08:26:01;mine cavernous if;speedily likely;2024-03-03T07:51:09;highly bah;2024-03-04T03:37:28;happy-go-lucky;meanwhile;2024-03-03T13:18:29;lining inch forenenst;2024-03-03T10:49:07;why freely on;honest;2024-03-04T01:16:17;until;2024-03-03T14:31:23;against rock;than;2024-03-03T07:51:58;amongst yippee;2024-03-03T17:51:31;suspicious woot;hoon reassure;2024-03-03T20:15:53;mostly;2024-03-04T03:54:02;vice enormously;entrance divorce;2024-03-04T02:05:58
7;8846;aw toga;2024-03-03T07:39:36;boo meh;incidentally ha;2024-03-03T10:28:59;gratefully geez kindheartedly;2024-03-03T06:00:50;reliable screening likable;navigate yet;2024-03-03T13:20:34;meanwhile;2024-03-04T03:47:28;liar;toe frivolous deign;2024-03-03T09:32:26;irk;2024-03-03T06:18:02;experienced why;phew crossly last;2024-03-03T07:39:04;forenenst into lentil;2024-03-03T22:54:43;aha;draught gah;2024-03-03T15:34:04;while overcooked rubbish;2024-03-03T07:25:55;whenever;relish purse curly;2024-03-03T14:29:07
8;12549;where;2024-03-04T02:27:08;nearer circular;disallow although than;2024-03-03T21:36:25;upbeat;2024-03-03T07:23:36;ingest except;ha;2024-03-03T19:29:35;before pillow;2024-03-03T20:19:29;but ah;bashfully;2024-03-03T18:09:10;during;2024-03-03T19:32:58;minus;jilt per;2024-03-03T13:31:19;at fertilizer bleach;2024-03-03T14:57:08;wetly scarcely delirious;if indulge;2024-03-03T07:23:02;bake;2024-03-03T18:18:59;following;graceful yum excise;2024-03-04T02:35:27
9;3762;ha false;2024-03-03T14:29:47;bid wine pro;minus rotten despise;2024-03-03T20:32:57;underneath lace;2024-03-04T01:08:51;since tenderly;pace whenever valid;2024-03-03T22:31:29;till proper;2024-03-04T03:21:09;doom demobilise;medal an oh;2024-03-03T09:20:33;blabber so blend;2024-03-03T17:59:35;healthily nor sneak;throw healthily;2024-03-03T16:18:03;phew bifocals pretty;2024-03-03T20:30:09;depend acid;triumphantly shrilly;2024-03-03T13:54:50;remark nor;2024-03-03T20:48:10;frequent echidna strudel;welch so consumer;2024-03-03T05:43:18
10;23446;astride to;2024-03-03T11:34:35;supposing;gargantuan on;2024-03-03T15:56:26;fooey hefty optimistic;2024-03-03T17:11:09;how;conquer triangular pfft;2024-03-03T23:42:33;runway moral until;2024-03-03T07:26:27;high-level harbor ripe;viciously corral arrogantly;2024-03-03T06:41:53;gaffer owlishly weird;2024-03-03T05:19:35;reluctantly fully;between drat instead;2024-03-03T17:10:11;next;2024-03-03T11:38:26;as;although;2024-03-04T03:24:01;wedge although;2024-03-03T10:06:33;of defender;following great serene;2024-03-03T07:05:41
