id;recipient_id;recipeint_name;recipient_address;recipient_country;recipient_state;recipient_city
1;14883;lambkin;huzzah despite disassemble;vermicelli recite unhitch;bah relationship fooey;sell beyond
2;23926;aside eek unto;though oof;psst;vintage hastily treble;married
3;531;round gee;finally clamber;austere;sculptural yuck like;inasmuch watery stingy
4;30092;winery times;inasmuch wisecrack;aside;overstretch;conflate
5;17074;schlep disguised;yap;within boo kookily;hm weakly;until
6;32337;rightfully insinuate;inborn ah;soupy;who masculine between;thoughtfully
7;1780;jaggedly during;that exile;up bravely;yahoo retell;zigzag till
8;11096;ugh aw oh;until gleefully;often within;too;whose false that
9;18869;waterlogged via an;safari crewmate;abaft;lysine likely kookily;loftily psst inside
10;1874;decent;indeed plumb discrete;upon furthermore;wrathful fleece in;thick
